"keyword","metadata_keyword_regex","metadata_keyword_type","metadata_tool","metadata_description","metadata_tool_techniques","metadata_tool_tactics","metadata_malwares_name","metadata_groups_name","metadata_category","metadata_link","metadata_enable_endpoint_detection","metadata_enable_proxy_detection","metadata_tags","metadata_comment","metadata_severity_score","metadata_popularity_score","metadata_github_stars","metadata_github_forks","metadata_github_updated_at","metadata_github_created_at"
"* --read *\\* --tcp-connect 127.0.0.1:* --write *",".{0,1000}\s\-\-read\s.{0,1000}\\\\.{0,1000}\s\-\-tcp\-connect\s127\.0\.0\.1\:.{0,1000}\s\-\-write\s.{0,1000}","offensive_tool_keyword","File-Tunnel","Tunnel TCP connections through a file","T1071 - T1105 - T1090","TA0005 - TA0008 - TA0011","N/A","N/A","Lateral Movement","https://github.com/fiddyschmitt/File-Tunnel","1","0","N/A","N/A","10","9","833","68","2024-08-30T11:58:33Z","2023-02-05T12:57:45Z"
"* --tcp-listen 127.0.0.1:* --write * --read *",".{0,1000}\s\-\-tcp\-listen\s127\.0\.0\.1\:.{0,1000}\s\-\-write\s.{0,1000}\s\-\-read\s.{0,1000}","offensive_tool_keyword","File-Tunnel","Tunnel TCP connections through a file","T1071 - T1105 - T1090","TA0005 - TA0008 - TA0011","N/A","N/A","Lateral Movement","https://github.com/fiddyschmitt/File-Tunnel","1","0","N/A","N/A","10","9","833","68","2024-08-30T11:58:33Z","2023-02-05T12:57:45Z"
"*/File-Tunnel.git*",".{0,1000}\/File\-Tunnel\.git.{0,1000}","offensive_tool_keyword","File-Tunnel","Tunnel TCP connections through a file","T1071 - T1105 - T1090","TA0005 - TA0008 - TA0011","N/A","N/A","Lateral Movement","https://github.com/fiddyschmitt/File-Tunnel","1","1","N/A","N/A","10","9","833","68","2024-08-30T11:58:33Z","2023-02-05T12:57:45Z"
"*/ft-linux-x64 *",".{0,1000}\/ft\-linux\-x64\s.{0,1000}","offensive_tool_keyword","File-Tunnel","Tunnel TCP connections through a file","T1071 - T1105 - T1090","TA0005 - TA0008 - TA0011","N/A","N/A","Lateral Movement","https://github.com/fiddyschmitt/File-Tunnel","1","0","N/A","N/A","10","9","833","68","2024-08-30T11:58:33Z","2023-02-05T12:57:45Z"
"*\File-Tunnel-main*",".{0,1000}\\File\-Tunnel\-main.{0,1000}","offensive_tool_keyword","File-Tunnel","Tunnel TCP connections through a file","T1071 - T1105 - T1090","TA0005 - TA0008 - TA0011","N/A","N/A","Lateral Movement","https://github.com/fiddyschmitt/File-Tunnel","1","0","N/A","N/A","10","9","833","68","2024-08-30T11:58:33Z","2023-02-05T12:57:45Z"
"*\File-Tunnel-master*",".{0,1000}\\File\-Tunnel\-master.{0,1000}","offensive_tool_keyword","File-Tunnel","Tunnel TCP connections through a file","T1071 - T1105 - T1090","TA0005 - TA0008 - TA0011","N/A","N/A","Lateral Movement","https://github.com/fiddyschmitt/File-Tunnel","1","0","N/A","N/A","10","9","833","68","2024-08-30T11:58:33Z","2023-02-05T12:57:45Z"
"*\ft.dll*",".{0,1000}\\ft\.dll.{0,1000}","offensive_tool_keyword","File-Tunnel","Tunnel TCP connections through a file","T1071 - T1105 - T1090","TA0005 - TA0008 - TA0011","N/A","N/A","Lateral Movement","https://github.com/fiddyschmitt/File-Tunnel","1","0","N/A","N/A","10","9","833","68","2024-08-30T11:58:33Z","2023-02-05T12:57:45Z"
"*\ft.exe --*",".{0,1000}\\ft\.exe\s\-\-.{0,1000}","offensive_tool_keyword","File-Tunnel","Tunnel TCP connections through a file","T1071 - T1105 - T1090","TA0005 - TA0008 - TA0011","N/A","N/A","Lateral Movement","https://github.com/fiddyschmitt/File-Tunnel","1","0","N/A","N/A","10","9","833","68","2024-08-30T11:58:33Z","2023-02-05T12:57:45Z"
"*\ft.exe"" --*",".{0,1000}\\ft\.exe\""\s\-\-.{0,1000}","offensive_tool_keyword","File-Tunnel","Tunnel TCP connections through a file","T1071 - T1105 - T1090","TA0005 - TA0008 - TA0011","N/A","N/A","Lateral Movement","https://github.com/fiddyschmitt/File-Tunnel","1","0","N/A","N/A","10","9","833","68","2024-08-30T11:58:33Z","2023-02-05T12:57:45Z"
"*\ft.exe"" /install*",".{0,1000}\\ft\.exe\""\s\/install.{0,1000}","offensive_tool_keyword","File-Tunnel","Tunnel TCP connections through a file","T1071 - T1105 - T1090","TA0005 - TA0008 - TA0011","N/A","N/A","Lateral Movement","https://github.com/fiddyschmitt/File-Tunnel","1","0","N/A","N/A","10","9","833","68","2024-08-30T11:58:33Z","2023-02-05T12:57:45Z"
"*\ft.exe"" /load*",".{0,1000}\\ft\.exe\""\s\/load.{0,1000}","offensive_tool_keyword","File-Tunnel","Tunnel TCP connections through a file","T1071 - T1105 - T1090","TA0005 - TA0008 - TA0011","N/A","N/A","Lateral Movement","https://github.com/fiddyschmitt/File-Tunnel","1","0","N/A","N/A","10","9","833","68","2024-08-30T11:58:33Z","2023-02-05T12:57:45Z"
"*\ft.exe"" -install*",".{0,1000}\\ft\.exe\""\s\-install.{0,1000}","offensive_tool_keyword","File-Tunnel","Tunnel TCP connections through a file","T1071 - T1105 - T1090","TA0005 - TA0008 - TA0011","N/A","N/A","Lateral Movement","https://github.com/fiddyschmitt/File-Tunnel","1","0","N/A","N/A","10","9","833","68","2024-08-30T11:58:33Z","2023-02-05T12:57:45Z"
"*\temp\ft.exe*",".{0,1000}\\temp\\ft\.exe.{0,1000}","offensive_tool_keyword","File-Tunnel","Tunnel TCP connections through a file","T1071 - T1105 - T1090","TA0005 - TA0008 - TA0011","N/A","N/A","Lateral Movement","https://github.com/fiddyschmitt/File-Tunnel","1","0","N/A","N/A","10","9","833","68","2024-08-30T11:58:33Z","2023-02-05T12:57:45Z"
"*21f131f283dffa84c44aa6c4c62bb97b77c8de8a08fb6ba50a449bdf9fa8bd46*",".{0,1000}21f131f283dffa84c44aa6c4c62bb97b77c8de8a08fb6ba50a449bdf9fa8bd46.{0,1000}","offensive_tool_keyword","File-Tunnel","Tunnel TCP connections through a file","T1071 - T1105 - T1090","TA0005 - TA0008 - TA0011","N/A","N/A","Lateral Movement","https://github.com/fiddyschmitt/File-Tunnel","1","0","#filehash","N/A","10","9","833","68","2024-08-30T11:58:33Z","2023-02-05T12:57:45Z"
"*26ee5086d8cc0404b7088ebe9e121e090261ce9185a9d4bf2394504fc8415f45*",".{0,1000}26ee5086d8cc0404b7088ebe9e121e090261ce9185a9d4bf2394504fc8415f45.{0,1000}","offensive_tool_keyword","File-Tunnel","Tunnel TCP connections through a file","T1071 - T1105 - T1090","TA0005 - TA0008 - TA0011","N/A","N/A","Lateral Movement","https://github.com/fiddyschmitt/File-Tunnel","1","0","#filehash","N/A","10","9","833","68","2024-08-30T11:58:33Z","2023-02-05T12:57:45Z"
"*2fbf10428ccc2e463e88aae2aadd3efdf686d510c42d7b5aca2b4f126bb8296f*",".{0,1000}2fbf10428ccc2e463e88aae2aadd3efdf686d510c42d7b5aca2b4f126bb8296f.{0,1000}","offensive_tool_keyword","File-Tunnel","Tunnel TCP connections through a file","T1071 - T1105 - T1090","TA0005 - TA0008 - TA0011","N/A","N/A","Lateral Movement","https://github.com/fiddyschmitt/File-Tunnel","1","0","#filehash","N/A","10","9","833","68","2024-08-30T11:58:33Z","2023-02-05T12:57:45Z"
"*35c8d88f94fff53d9dd573801f16aa02e24f771668747e3f0d2975ff4d0b85b8*",".{0,1000}35c8d88f94fff53d9dd573801f16aa02e24f771668747e3f0d2975ff4d0b85b8.{0,1000}","offensive_tool_keyword","File-Tunnel","Tunnel TCP connections through a file","T1071 - T1105 - T1090","TA0005 - TA0008 - TA0011","N/A","N/A","Lateral Movement","https://github.com/fiddyschmitt/File-Tunnel","1","0","#filehash","N/A","10","9","833","68","2024-08-30T11:58:33Z","2023-02-05T12:57:45Z"
"*3aff2f105c353378acd29dc43635769952d715d50e8cc87df39acf938c06d7c6*",".{0,1000}3aff2f105c353378acd29dc43635769952d715d50e8cc87df39acf938c06d7c6.{0,1000}","offensive_tool_keyword","File-Tunnel","Tunnel TCP connections through a file","T1071 - T1105 - T1090","TA0005 - TA0008 - TA0011","N/A","N/A","Lateral Movement","https://github.com/fiddyschmitt/File-Tunnel","1","0","#filehash","N/A","10","9","833","68","2024-08-30T11:58:33Z","2023-02-05T12:57:45Z"
"*461F72D2-6BDC-4D0E-82EE-59A811AB4844*",".{0,1000}461F72D2\-6BDC\-4D0E\-82EE\-59A811AB4844.{0,1000}","offensive_tool_keyword","File-Tunnel","Tunnel TCP connections through a file","T1071 - T1105 - T1090","TA0005 - TA0008 - TA0011","N/A","N/A","Lateral Movement","https://github.com/fiddyschmitt/File-Tunnel","1","0","#GUIDproject","N/A","10","9","833","68","2024-08-30T11:58:33Z","2023-02-05T12:57:45Z"
"*527e1f97594b67b082c6d687fb93e15c1409bbfcf6584aa019260a27af027262*",".{0,1000}527e1f97594b67b082c6d687fb93e15c1409bbfcf6584aa019260a27af027262.{0,1000}","offensive_tool_keyword","File-Tunnel","Tunnel TCP connections through a file","T1071 - T1105 - T1090","TA0005 - TA0008 - TA0011","N/A","N/A","Lateral Movement","https://github.com/fiddyschmitt/File-Tunnel","1","0","#filehash","N/A","10","9","833","68","2024-08-30T11:58:33Z","2023-02-05T12:57:45Z"
"*54c3dcecfeb6224d49ae655207cfe684f95480f16215e32a122e473ac275d0db*",".{0,1000}54c3dcecfeb6224d49ae655207cfe684f95480f16215e32a122e473ac275d0db.{0,1000}","offensive_tool_keyword","File-Tunnel","Tunnel TCP connections through a file","T1071 - T1105 - T1090","TA0005 - TA0008 - TA0011","N/A","N/A","Lateral Movement","https://github.com/fiddyschmitt/File-Tunnel","1","0","#filehash","N/A","10","9","833","68","2024-08-30T11:58:33Z","2023-02-05T12:57:45Z"
"*5eb4a246d7a9adaffedd89bcca6d86ba57a30380ce90438b57a45e61b9e06ec0*",".{0,1000}5eb4a246d7a9adaffedd89bcca6d86ba57a30380ce90438b57a45e61b9e06ec0.{0,1000}","offensive_tool_keyword","File-Tunnel","Tunnel TCP connections through a file","T1071 - T1105 - T1090","TA0005 - TA0008 - TA0011","N/A","N/A","Lateral Movement","https://github.com/fiddyschmitt/File-Tunnel","1","0","#filehash","N/A","10","9","833","68","2024-08-30T11:58:33Z","2023-02-05T12:57:45Z"
"*6938eff2dc2ec73ed1fa0c5b70827ecf2ea031a8486eda7f7f72ad3da4576b25*",".{0,1000}6938eff2dc2ec73ed1fa0c5b70827ecf2ea031a8486eda7f7f72ad3da4576b25.{0,1000}","offensive_tool_keyword","File-Tunnel","Tunnel TCP connections through a file","T1071 - T1105 - T1090","TA0005 - TA0008 - TA0011","N/A","N/A","Lateral Movement","https://github.com/fiddyschmitt/File-Tunnel","1","0","#filehash","N/A","10","9","833","68","2024-08-30T11:58:33Z","2023-02-05T12:57:45Z"
"*70f60b2e7f6e64317222ec504392f975e14fa9cad5ed05329f6eb8d7bcff6956*",".{0,1000}70f60b2e7f6e64317222ec504392f975e14fa9cad5ed05329f6eb8d7bcff6956.{0,1000}","offensive_tool_keyword","File-Tunnel","Tunnel TCP connections through a file","T1071 - T1105 - T1090","TA0005 - TA0008 - TA0011","N/A","N/A","Lateral Movement","https://github.com/fiddyschmitt/File-Tunnel","1","0","#filehash","N/A","10","9","833","68","2024-08-30T11:58:33Z","2023-02-05T12:57:45Z"
"*7798bda9fc4f194ab8e0d876a27326abe016f35eddd6799696670c45888475c0*",".{0,1000}7798bda9fc4f194ab8e0d876a27326abe016f35eddd6799696670c45888475c0.{0,1000}","offensive_tool_keyword","File-Tunnel","Tunnel TCP connections through a file","T1071 - T1105 - T1090","TA0005 - TA0008 - TA0011","N/A","N/A","Lateral Movement","https://github.com/fiddyschmitt/File-Tunnel","1","0","#filehash","N/A","10","9","833","68","2024-08-30T11:58:33Z","2023-02-05T12:57:45Z"
"*7d057f377006dfa3f88af8ef1f3d90a9e28d7ce83c5854988865c7fbd62963d0*",".{0,1000}7d057f377006dfa3f88af8ef1f3d90a9e28d7ce83c5854988865c7fbd62963d0.{0,1000}","offensive_tool_keyword","File-Tunnel","Tunnel TCP connections through a file","T1071 - T1105 - T1090","TA0005 - TA0008 - TA0011","N/A","N/A","Lateral Movement","https://github.com/fiddyschmitt/File-Tunnel","1","0","#filehash","N/A","10","9","833","68","2024-08-30T11:58:33Z","2023-02-05T12:57:45Z"
"*8af3e901ab7c19e8ad6f8d8caab23bb8ef1c9577aa4a5c5e4b43309306c4a11a*",".{0,1000}8af3e901ab7c19e8ad6f8d8caab23bb8ef1c9577aa4a5c5e4b43309306c4a11a.{0,1000}","offensive_tool_keyword","File-Tunnel","Tunnel TCP connections through a file","T1071 - T1105 - T1090","TA0005 - TA0008 - TA0011","N/A","N/A","Lateral Movement","https://github.com/fiddyschmitt/File-Tunnel","1","0","#filehash","N/A","10","9","833","68","2024-08-30T11:58:33Z","2023-02-05T12:57:45Z"
"*8b440c386b62c525e2dfb90008c3070f481747a5b6929a4f31878429d6f34c67*",".{0,1000}8b440c386b62c525e2dfb90008c3070f481747a5b6929a4f31878429d6f34c67.{0,1000}","offensive_tool_keyword","File-Tunnel","Tunnel TCP connections through a file","T1071 - T1105 - T1090","TA0005 - TA0008 - TA0011","N/A","N/A","Lateral Movement","https://github.com/fiddyschmitt/File-Tunnel","1","0","#filehash","N/A","10","9","833","68","2024-08-30T11:58:33Z","2023-02-05T12:57:45Z"
"*8b46156114d2138894c4ab91a8d5e4509ab9c559cef6c349ba45f631d4b4245c*",".{0,1000}8b46156114d2138894c4ab91a8d5e4509ab9c559cef6c349ba45f631d4b4245c.{0,1000}","offensive_tool_keyword","File-Tunnel","Tunnel TCP connections through a file","T1071 - T1105 - T1090","TA0005 - TA0008 - TA0011","N/A","N/A","Lateral Movement","https://github.com/fiddyschmitt/File-Tunnel","1","0","#filehash","N/A","10","9","833","68","2024-08-30T11:58:33Z","2023-02-05T12:57:45Z"
"*8bc3ebd6ec1b70d73eaa0b1c17ce124b4bd3fbf9d7c1de6f1f4c11e9da92eabc*",".{0,1000}8bc3ebd6ec1b70d73eaa0b1c17ce124b4bd3fbf9d7c1de6f1f4c11e9da92eabc.{0,1000}","offensive_tool_keyword","File-Tunnel","Tunnel TCP connections through a file","T1071 - T1105 - T1090","TA0005 - TA0008 - TA0011","N/A","N/A","Lateral Movement","https://github.com/fiddyschmitt/File-Tunnel","1","0","#filehash","N/A","10","9","833","68","2024-08-30T11:58:33Z","2023-02-05T12:57:45Z"
"*8e412bd460d0481671cf9dfe4ef2d5521f3a658e8c3ef1deefa7c445629ee667*",".{0,1000}8e412bd460d0481671cf9dfe4ef2d5521f3a658e8c3ef1deefa7c445629ee667.{0,1000}","offensive_tool_keyword","File-Tunnel","Tunnel TCP connections through a file","T1071 - T1105 - T1090","TA0005 - TA0008 - TA0011","N/A","N/A","Lateral Movement","https://github.com/fiddyschmitt/File-Tunnel","1","0","#filehash","N/A","10","9","833","68","2024-08-30T11:58:33Z","2023-02-05T12:57:45Z"
"*90e8f7a8ab2ad07168666a368e3c9e3b1c8c0fc44257d693b76694959e7a1fb5*",".{0,1000}90e8f7a8ab2ad07168666a368e3c9e3b1c8c0fc44257d693b76694959e7a1fb5.{0,1000}","offensive_tool_keyword","File-Tunnel","Tunnel TCP connections through a file","T1071 - T1105 - T1090","TA0005 - TA0008 - TA0011","N/A","N/A","Lateral Movement","https://github.com/fiddyschmitt/File-Tunnel","1","0","#filehash","N/A","10","9","833","68","2024-08-30T11:58:33Z","2023-02-05T12:57:45Z"
"*92e355ef8f0242891884e4bc51d2422852fdb08430c36a7a9f8f384bfaf975d9*",".{0,1000}92e355ef8f0242891884e4bc51d2422852fdb08430c36a7a9f8f384bfaf975d9.{0,1000}","offensive_tool_keyword","File-Tunnel","Tunnel TCP connections through a file","T1071 - T1105 - T1090","TA0005 - TA0008 - TA0011","N/A","N/A","Lateral Movement","https://github.com/fiddyschmitt/File-Tunnel","1","0","#filehash","N/A","10","9","833","68","2024-08-30T11:58:33Z","2023-02-05T12:57:45Z"
"*9413f823738aee4917952e60bfeccae88c8d103829a9831f912aa87c6535577c*",".{0,1000}9413f823738aee4917952e60bfeccae88c8d103829a9831f912aa87c6535577c.{0,1000}","offensive_tool_keyword","File-Tunnel","Tunnel TCP connections through a file","T1071 - T1105 - T1090","TA0005 - TA0008 - TA0011","N/A","N/A","Lateral Movement","https://github.com/fiddyschmitt/File-Tunnel","1","0","#filehash","N/A","10","9","833","68","2024-08-30T11:58:33Z","2023-02-05T12:57:45Z"
"*990953dcf64c26cb505d9c19202b849c7f7131209cba13665e91ef500fc266eb*",".{0,1000}990953dcf64c26cb505d9c19202b849c7f7131209cba13665e91ef500fc266eb.{0,1000}","offensive_tool_keyword","File-Tunnel","Tunnel TCP connections through a file","T1071 - T1105 - T1090","TA0005 - TA0008 - TA0011","N/A","N/A","Lateral Movement","https://github.com/fiddyschmitt/File-Tunnel","1","0","#filehash","N/A","10","9","833","68","2024-08-30T11:58:33Z","2023-02-05T12:57:45Z"
"*a19ddb663db4b66ea06b8cf9dae66f6988e0a70c07cf9159e1c6abc01c415f95*",".{0,1000}a19ddb663db4b66ea06b8cf9dae66f6988e0a70c07cf9159e1c6abc01c415f95.{0,1000}","offensive_tool_keyword","File-Tunnel","Tunnel TCP connections through a file","T1071 - T1105 - T1090","TA0005 - TA0008 - TA0011","N/A","N/A","Lateral Movement","https://github.com/fiddyschmitt/File-Tunnel","1","0","#filehash","N/A","10","9","833","68","2024-08-30T11:58:33Z","2023-02-05T12:57:45Z"
"*a5db22a3b93fb89ea64a3027801002e968ab7d11e43b2c8e5173b33ac8fbb8eb*",".{0,1000}a5db22a3b93fb89ea64a3027801002e968ab7d11e43b2c8e5173b33ac8fbb8eb.{0,1000}","offensive_tool_keyword","File-Tunnel","Tunnel TCP connections through a file","T1071 - T1105 - T1090","TA0005 - TA0008 - TA0011","N/A","N/A","Lateral Movement","https://github.com/fiddyschmitt/File-Tunnel","1","0","#filehash","N/A","10","9","833","68","2024-08-30T11:58:33Z","2023-02-05T12:57:45Z"
"*aa64f8d9cbcb6860541a56e17a6ca22371553ff32e01d218718b2155e7b8e475*",".{0,1000}aa64f8d9cbcb6860541a56e17a6ca22371553ff32e01d218718b2155e7b8e475.{0,1000}","offensive_tool_keyword","File-Tunnel","Tunnel TCP connections through a file","T1071 - T1105 - T1090","TA0005 - TA0008 - TA0011","N/A","N/A","Lateral Movement","https://github.com/fiddyschmitt/File-Tunnel","1","0","#filehash","N/A","10","9","833","68","2024-08-30T11:58:33Z","2023-02-05T12:57:45Z"
"*B2B4238B-1055-4679-B7D5-7CCE2397098E*",".{0,1000}B2B4238B\-1055\-4679\-B7D5\-7CCE2397098E.{0,1000}","offensive_tool_keyword","File-Tunnel","Tunnel TCP connections through a file","T1071 - T1105 - T1090","TA0005 - TA0008 - TA0011","N/A","N/A","Lateral Movement","https://github.com/fiddyschmitt/File-Tunnel","1","0","#GUIDproject","N/A","10","9","833","68","2024-08-30T11:58:33Z","2023-02-05T12:57:45Z"
"*b4dc2fcd506a9878c5fb8e8b08a47c1e810eb48465a6b489bc4b5003711b0522*",".{0,1000}b4dc2fcd506a9878c5fb8e8b08a47c1e810eb48465a6b489bc4b5003711b0522.{0,1000}","offensive_tool_keyword","File-Tunnel","Tunnel TCP connections through a file","T1071 - T1105 - T1090","TA0005 - TA0008 - TA0011","N/A","N/A","Lateral Movement","https://github.com/fiddyschmitt/File-Tunnel","1","0","#filehash","N/A","10","9","833","68","2024-08-30T11:58:33Z","2023-02-05T12:57:45Z"
"*b7f57aedc361258fea85dedd3713454983c561335cd9d2d8d9d072a0e7ac8c7d*",".{0,1000}b7f57aedc361258fea85dedd3713454983c561335cd9d2d8d9d072a0e7ac8c7d.{0,1000}","offensive_tool_keyword","File-Tunnel","Tunnel TCP connections through a file","T1071 - T1105 - T1090","TA0005 - TA0008 - TA0011","N/A","N/A","Lateral Movement","https://github.com/fiddyschmitt/File-Tunnel","1","0","#filehash","N/A","10","9","833","68","2024-08-30T11:58:33Z","2023-02-05T12:57:45Z"
"*bfb894897287d8652d9aca74ece09adb061de853ed9b7707c1f72533cd22598f*",".{0,1000}bfb894897287d8652d9aca74ece09adb061de853ed9b7707c1f72533cd22598f.{0,1000}","offensive_tool_keyword","File-Tunnel","Tunnel TCP connections through a file","T1071 - T1105 - T1090","TA0005 - TA0008 - TA0011","N/A","N/A","Lateral Movement","https://github.com/fiddyschmitt/File-Tunnel","1","0","#filehash","N/A","10","9","833","68","2024-08-30T11:58:33Z","2023-02-05T12:57:45Z"
"*c59d5571282b31757c89952001ed062772d696e1df2f036b1d4328f9eb99806a*",".{0,1000}c59d5571282b31757c89952001ed062772d696e1df2f036b1d4328f9eb99806a.{0,1000}","offensive_tool_keyword","File-Tunnel","Tunnel TCP connections through a file","T1071 - T1105 - T1090","TA0005 - TA0008 - TA0011","N/A","N/A","Lateral Movement","https://github.com/fiddyschmitt/File-Tunnel","1","0","#filehash","N/A","10","9","833","68","2024-08-30T11:58:33Z","2023-02-05T12:57:45Z"
"*ce8a96ade87a39ebb8e4dc1602ab2b80cef1fffc317b557c258839223c65667c*",".{0,1000}ce8a96ade87a39ebb8e4dc1602ab2b80cef1fffc317b557c258839223c65667c.{0,1000}","offensive_tool_keyword","File-Tunnel","Tunnel TCP connections through a file","T1071 - T1105 - T1090","TA0005 - TA0008 - TA0011","N/A","N/A","Lateral Movement","https://github.com/fiddyschmitt/File-Tunnel","1","0","#filehash","N/A","10","9","833","68","2024-08-30T11:58:33Z","2023-02-05T12:57:45Z"
"*cf2e73e6453dad578e2fbc308e7dfc4d44fc2eb93e612d466705723fe858f5d6*",".{0,1000}cf2e73e6453dad578e2fbc308e7dfc4d44fc2eb93e612d466705723fe858f5d6.{0,1000}","offensive_tool_keyword","File-Tunnel","Tunnel TCP connections through a file","T1071 - T1105 - T1090","TA0005 - TA0008 - TA0011","N/A","N/A","Lateral Movement","https://github.com/fiddyschmitt/File-Tunnel","1","0","#filehash","N/A","10","9","833","68","2024-08-30T11:58:33Z","2023-02-05T12:57:45Z"
"*cf615f0091a045903318a5c1d3c7eb37d337c26ceb3b682a3b68fc820913bac6*",".{0,1000}cf615f0091a045903318a5c1d3c7eb37d337c26ceb3b682a3b68fc820913bac6.{0,1000}","offensive_tool_keyword","File-Tunnel","Tunnel TCP connections through a file","T1071 - T1105 - T1090","TA0005 - TA0008 - TA0011","N/A","N/A","Lateral Movement","https://github.com/fiddyschmitt/File-Tunnel","1","0","#filehash","N/A","10","9","833","68","2024-08-30T11:58:33Z","2023-02-05T12:57:45Z"
"*d37c8c47e154d9b2021eb2c857a2ed617ddfc4aa6e644d2302bca09a18d06946*",".{0,1000}d37c8c47e154d9b2021eb2c857a2ed617ddfc4aa6e644d2302bca09a18d06946.{0,1000}","offensive_tool_keyword","File-Tunnel","Tunnel TCP connections through a file","T1071 - T1105 - T1090","TA0005 - TA0008 - TA0011","N/A","N/A","Lateral Movement","https://github.com/fiddyschmitt/File-Tunnel","1","0","#filehash","N/A","10","9","833","68","2024-08-30T11:58:33Z","2023-02-05T12:57:45Z"
"*d4dedef47f4a8c940f6455c170ac17778e558a888167e64ebc15ae44b27b90da*",".{0,1000}d4dedef47f4a8c940f6455c170ac17778e558a888167e64ebc15ae44b27b90da.{0,1000}","offensive_tool_keyword","File-Tunnel","Tunnel TCP connections through a file","T1071 - T1105 - T1090","TA0005 - TA0008 - TA0011","N/A","N/A","Lateral Movement","https://github.com/fiddyschmitt/File-Tunnel","1","0","#filehash","N/A","10","9","833","68","2024-08-30T11:58:33Z","2023-02-05T12:57:45Z"
"*d73fc7fcd3b0983b7ecc9590562fb0e83611dd1e3199437b108a69cddce0ac07*",".{0,1000}d73fc7fcd3b0983b7ecc9590562fb0e83611dd1e3199437b108a69cddce0ac07.{0,1000}","offensive_tool_keyword","File-Tunnel","Tunnel TCP connections through a file","T1071 - T1105 - T1090","TA0005 - TA0008 - TA0011","N/A","N/A","Lateral Movement","https://github.com/fiddyschmitt/File-Tunnel","1","0","#filehash","N/A","10","9","833","68","2024-08-30T11:58:33Z","2023-02-05T12:57:45Z"
"*d80344fd9c189a4333409958250a0e3ec44a0168e70f5b6b8c78588c8ed3caf4*",".{0,1000}d80344fd9c189a4333409958250a0e3ec44a0168e70f5b6b8c78588c8ed3caf4.{0,1000}","offensive_tool_keyword","File-Tunnel","Tunnel TCP connections through a file","T1071 - T1105 - T1090","TA0005 - TA0008 - TA0011","N/A","N/A","Lateral Movement","https://github.com/fiddyschmitt/File-Tunnel","1","0","#filehash","N/A","10","9","833","68","2024-08-30T11:58:33Z","2023-02-05T12:57:45Z"
"*d914afd1408ddbf0aa5180434bb1713748af7d4936724b392a0a2e0307ed9dab*",".{0,1000}d914afd1408ddbf0aa5180434bb1713748af7d4936724b392a0a2e0307ed9dab.{0,1000}","offensive_tool_keyword","File-Tunnel","Tunnel TCP connections through a file","T1071 - T1105 - T1090","TA0005 - TA0008 - TA0011","N/A","N/A","Lateral Movement","https://github.com/fiddyschmitt/File-Tunnel","1","0","#filehash","N/A","10","9","833","68","2024-08-30T11:58:33Z","2023-02-05T12:57:45Z"
"*dfce96a8631d54b7db3f4c222417d94fa131b7704c32cd431cdf6e04a945c1b2*",".{0,1000}dfce96a8631d54b7db3f4c222417d94fa131b7704c32cd431cdf6e04a945c1b2.{0,1000}","offensive_tool_keyword","File-Tunnel","Tunnel TCP connections through a file","T1071 - T1105 - T1090","TA0005 - TA0008 - TA0011","N/A","N/A","Lateral Movement","https://github.com/fiddyschmitt/File-Tunnel","1","0","#filehash","N/A","10","9","833","68","2024-08-30T11:58:33Z","2023-02-05T12:57:45Z"
"*e91f4e67f48ea790700ec6c55be53c6d2ceb6dd091de3de5074d559cfdfdf02e*",".{0,1000}e91f4e67f48ea790700ec6c55be53c6d2ceb6dd091de3de5074d559cfdfdf02e.{0,1000}","offensive_tool_keyword","File-Tunnel","Tunnel TCP connections through a file","T1071 - T1105 - T1090","TA0005 - TA0008 - TA0011","N/A","N/A","Lateral Movement","https://github.com/fiddyschmitt/File-Tunnel","1","0","#filehash","N/A","10","9","833","68","2024-08-30T11:58:33Z","2023-02-05T12:57:45Z"
"*eb901b02b7f7173e62a962b9d5d66b52ed9b47fcb8061165a1b2bcf2a5e5504d*",".{0,1000}eb901b02b7f7173e62a962b9d5d66b52ed9b47fcb8061165a1b2bcf2a5e5504d.{0,1000}","offensive_tool_keyword","File-Tunnel","Tunnel TCP connections through a file","T1071 - T1105 - T1090","TA0005 - TA0008 - TA0011","N/A","N/A","Lateral Movement","https://github.com/fiddyschmitt/File-Tunnel","1","0","#filehash","N/A","10","9","833","68","2024-08-30T11:58:33Z","2023-02-05T12:57:45Z"
"*ebfb867fcb1efed0a7e4d9bb43b5b6d22f8744446bb29bcaf76aa6a48f36bf9c*",".{0,1000}ebfb867fcb1efed0a7e4d9bb43b5b6d22f8744446bb29bcaf76aa6a48f36bf9c.{0,1000}","offensive_tool_keyword","File-Tunnel","Tunnel TCP connections through a file","T1071 - T1105 - T1090","TA0005 - TA0008 - TA0011","N/A","N/A","Lateral Movement","https://github.com/fiddyschmitt/File-Tunnel","1","0","#filehash","N/A","10","9","833","68","2024-08-30T11:58:33Z","2023-02-05T12:57:45Z"
"*ee604522baa122ca8384531d4d8df1014023d871f1d2fc4b53de17cc6d5d4acf*",".{0,1000}ee604522baa122ca8384531d4d8df1014023d871f1d2fc4b53de17cc6d5d4acf.{0,1000}","offensive_tool_keyword","File-Tunnel","Tunnel TCP connections through a file","T1071 - T1105 - T1090","TA0005 - TA0008 - TA0011","N/A","N/A","Lateral Movement","https://github.com/fiddyschmitt/File-Tunnel","1","0","#filehash","N/A","10","9","833","68","2024-08-30T11:58:33Z","2023-02-05T12:57:45Z"
"*f632fb93b89b788f346784f9e18976a2a116bfd67bfd740feb5dc61c06141e29*",".{0,1000}f632fb93b89b788f346784f9e18976a2a116bfd67bfd740feb5dc61c06141e29.{0,1000}","offensive_tool_keyword","File-Tunnel","Tunnel TCP connections through a file","T1071 - T1105 - T1090","TA0005 - TA0008 - TA0011","N/A","N/A","Lateral Movement","https://github.com/fiddyschmitt/File-Tunnel","1","0","#filehash","N/A","10","9","833","68","2024-08-30T11:58:33Z","2023-02-05T12:57:45Z"
"*fdd96ea14514b4f377414ec9bec2ba356e0d4ea8f019ed34a9764f960884b386*",".{0,1000}fdd96ea14514b4f377414ec9bec2ba356e0d4ea8f019ed34a9764f960884b386.{0,1000}","offensive_tool_keyword","File-Tunnel","Tunnel TCP connections through a file","T1071 - T1105 - T1090","TA0005 - TA0008 - TA0011","N/A","N/A","Lateral Movement","https://github.com/fiddyschmitt/File-Tunnel","1","0","#filehash","N/A","10","9","833","68","2024-08-30T11:58:33Z","2023-02-05T12:57:45Z"
"*ffcce186e5ba227e45785a92225b8455b29da5b85d0b030c0346923625d495dd*",".{0,1000}ffcce186e5ba227e45785a92225b8455b29da5b85d0b030c0346923625d495dd.{0,1000}","offensive_tool_keyword","File-Tunnel","Tunnel TCP connections through a file","T1071 - T1105 - T1090","TA0005 - TA0008 - TA0011","N/A","N/A","Lateral Movement","https://github.com/fiddyschmitt/File-Tunnel","1","0","#filehash","N/A","10","9","833","68","2024-08-30T11:58:33Z","2023-02-05T12:57:45Z"
"*fiddyschmitt/File-Tunnel*",".{0,1000}fiddyschmitt\/File\-Tunnel.{0,1000}","offensive_tool_keyword","File-Tunnel","Tunnel TCP connections through a file","T1071 - T1105 - T1090","TA0005 - TA0008 - TA0011","N/A","N/A","Lateral Movement","https://github.com/fiddyschmitt/File-Tunnel","1","1","N/A","N/A","10","9","833","68","2024-08-30T11:58:33Z","2023-02-05T12:57:45Z"
